insert into gama_producto values('media','esta gama es media','es un html','ndaiflyrsgbfhbrjhl6bbfhbuiseghjbd6kd.jpg');
insert into gama_producto values('media-alta','esta gama es media-alta','es un html','ndaiflyrsgbfhbrjhl6bbfhbuiseghjbd6kd.png');
insert into gama_producto values('media-baja','esta gama es media-baja','es un html','ndaiflyrsgbfhbrjhl6bbfhbuiseghjbd6kd.jepg');
insert into gama_producto values('alta','esta gama es alta','es un html','ndaiflyrsgbfhbrjhl6bbfhbuiseghjbd6kd.raw');
insert into gama_producto values('baja','esta gama es baja','es un html','ndaiflyrsgbfhbrjhl6bbfhbuiseghjbd6kd.svg');


insert into producto values('0001','iPhone 13 Pro','alta','16,08cm x 7,81cm','apple','Con una potencia insignia de primer nivel, una pantalla impresionante.','120','600000.00',600000.00);
insert into producto values('0002','Samsung Galaxy Note S20 Ultra','media-alta','77,2 x 164,8 x 8,1 mm','Samsung','Es el más grande de la serie y, sin duda, un teléfono “ultra”,.','50','399000.00',333000.00 );
insert into producto values('0003','Motorola Moto G Power','media-alta','167 x 76.5 x 9.36mm','Motorola',' pantalla de 6.4 pulgadas, 4GB de RAM, un chip Snapdragon de la serie 600 y 64GB de almacenamiento','200','590000.00',430000.00);
insert into producto values('0004','Xiaomi Redmi Note 10','baja','157,8 × 74,2 × 9,67mm','Xiaomi','El Redmi Note 10 es una actualización excelente respecto a su predecesor y en general','250','999900.00', 791700.00);
insert into producto values('0005','Samsung Galaxy A03s','baja','164,2 × 75,9 × 9,1 mm','Samsung','El Galaxy A03s combina la potencia de procesamiento Octa-core con hasta 3GB/4GB de RAM para un rendimiento rápido y eficiente para la tarea en cuestión.','150','529900.00', '529900.00');
insert into producto values('0006','Nokia 5.4','media-baja','160,97 × 75,99 × 8,7 mm','Nokia','Captura tu mundo con un detalle impresionante con la cámara cuádruple de 48 MP y los efectos cinematográficos.','320','729900.00', '599000.00');
insert into producto values('0007','OPPO Reno 5 Lite','media-alta','160.1mm 73.2mm 7.8mm','OPPO','Cuádruple Cámara Trasera de 48MP con IA Captura la vida · Vídeo retrato con color IARóbate el show · Video monocromáticoStand Out in the Crowd.','230','99900.00', '15000.00');
insert into producto values('0008','Xiaomi Mi 11 Lite 5G','alta','60.53 x 75.72 x 6.81mm','Xiaomi',' Pantalla: 6.55", 1080 x 2400 pixels · Procesador: Snapdragon 732G 2.3GHz · RAM: 6GB · Almacenamiento: 64GB/128GB.','100','1999900.00', '999900.00');
insert into producto values('0009','OnePlus Nord 2','media','158,9 x 73,2 x 8,25 mm','OnePlus','Pantalla: 6.43", 1080 x 2400 pixels · Procesador: Mediatek Dimensity 1200 3GHz · RAM: 6GB/8GB/12GB · Almacenamiento: 128GB/256GB.','155','479900.00', '305000.00');
insert into producto values('0010','OnePlus Nord CE','media','159, 2x73, 5x7,9 mm','OnePlus','Pantalla: 6.43", 1080 x 2400 pixels · Procesador: Snapdragon 750G 2.2GHz · RAM: 6GB/8GB/12GB · Almacenamiento: 128GB/256GB ·','190','1299990.00', '850000.00');
insert into producto values('0011','iPhone SE','media','159, 2x73, 5x7,9 mm','OnePlus','El iPhone SE compacto utiliza una pantalla IPS táctil de 4 pulgadas con una resolución de 1136 x 640 píxeles (326 ppi).','60','2512900.00', '1200000.00');



insert into oficina values('01','Circasia','Colombia','Quindio','2649267','31645982','calle 8 #14','Camilo Duque');
insert into oficina values('02','Pereira','Colombia','Quindio','5927949','36598215','calle 6 #9','Bolivar');
insert into oficina values('03','Sincelejo','Colombia','Sucre','5847711','36521478795','calle 7 #10','La paz');
insert into oficina values('04','Quimbaya','Colombia','Quindio','5719173','3621047895','calle 11 #2','Camilo Torres');
insert into oficina values('05','Armenia','Colombia','Quindio','8723041','32015069801','calle 17 #4','Nueva Granada');
insert into oficina values('06','Corosal','Colombia','Sucre','3785041','30147852698','callle 13 #7','Libertad');



insert into empleado values('321','Maria','Martinez','Herrera','8525','Marma03@gmail.com','02','321','Oficinista');
insert into empleado values('322','Juan Jose','Gonzales','Diaz','6356','joselo22@gmail.com','05','322','Jefe Area');
insert into empleado values('323','Alfredo','Rodrigez','Tabares','8968','alfrrote32@hotmail.com','03','323','Bodega');
insert into empleado values('324','Carla','Perez','Garcia','2365','carlita52@hotmail.com','04','324','Aseadora');
insert into empleado values('325','Kimberly','Lopez','Sanchez','4852','kimbylosa65@gmail.com','01','325','Gerente');
insert into empleado values('326','Antonio','Vargas','Ramirez','9854','antonito58@gmail.com','06','326','Recursos Humanos');



insert into cliente values('110349688','Maria Sánchez','Juana','González Flores','3246985721','5927949','calle 3 numero 9',' Camilo Torres ','La plata','Huila','Colombia','415060','322','1500000.00');
insert into cliente values('64598515','Ana López','Maria Jose','Martínez González','3469821576','5847711','manzana 9 casa 16 ','Fundadores','Circasia','Quindio','Colombia','631001','326','2300000.00');
insert into cliente values('236598745','Jose Antonio Espinoza','xavier','Gómez Sánchez','3567982416','8723041',' calle 13 numero 8',' Laguna Flor','Sincelejo','Sucre','Colombia','250251','324','102310.00');
insert into cliente values('265987436','Humberto Flores','Valeria','López Muñoz','3897462598','5719173','comuna 1 casa 23',' La Garita','Valledupar','Cesar','Colombia','200001','321','1365213');
insert into cliente values('63254489','Marcos Hernández','Daniel','Rodríguez Martínez','3167982451','2649267','calle 12 casa 6',' La Patria','Bolívar','Cauca','Colombia','195007','322','5203000.00');
insert into cliente values('653125899','Sofía Rodríguez','Hernan','Hernández Espinoza','3756894512','5927949','casa 6 calle 15',' El Jardín','La plata','Huila','Colombia','415060','325','1365213');

insert into pago values('110349688','Targeta','5632104789','2008-06-01','1550000.00');
insert into pago values('236598745','Efectivo','3625478941','2022-04-02','230000.00');
insert into pago values('265987436','Targeta','032145968745','2020-09-12','5000000.00');
insert into pago values('653125899','Targeta','4596321035','2021-07-28','4300000.00');
insert into pago values('64598515','Efectivo','7856321498','2020-03-15','20000000.00');


insert into pedido values('01','2008-06-01','2028-06-15','A','allaalallalalalalalalalalalala','64598515');
insert into pedido values('02','2022-04-02-','2022-04-16','I','fjsfpuisrvcd njhvlsoiuedrhgvuergpnvdjusfnvh','653125899');
insert into pedido values('03','2020-09-12','2020-09-21','A','dsfnriouhgvn ughehguehgoiwer ','63254489');
insert into pedido values('04','2021-07-28','2021-08-15','A','gij gjij ggoipogijrr','265987436');
insert into pedido values('05','2020-03-15','2020-03-30','A',' rhgfoeh guhgt gg g yh','236598745');
insert into pedido values('06','2020-02-15','2020-03-30','I',' rhgfoeh guhgt gg g yh','236598745');


insert into detalle_pedido values('01','0001','1','1000000.00','2');
insert into detalle_pedido values('02','0010','2','600000.00','1');
insert into detalle_pedido values('03','0005','2','950000.00','3');
insert into detalle_pedido values('04','0011','1','798020.00','2');
insert into detalle_pedido values('05','0007','1','1500000.00','3');






